<?xml version="1.0" encoding="UTF-8"?>
<beans xmlns="http://www.springframework.org/schema/beans"
	xmlns:xsi="http://www.w3.org/2001/XMLSchema-instance"
	xmlns:batch="http://www.springframework.org/schema/batch"
	xmlns:aop="http://www.springframework.org/schema/aop"
	xsi:schemaLocation="http://www.springframework.org/schema/beans http://www.springframework.org/schema/beans/spring-beans-3.0.xsd
		http://www.springframework.org/schema/aop http://www.springframework.org/schema/beans/spring-aop-3.0.xsd
		http://www.springframework.org/schema/batch http://www.springframework.org/schema/batch/spring-batch-2.1.xsd">

	<bean id="dataSource" class="org.springframework.jdbc.datasource.SingleConnectionDataSource">
		<property name="driverClassName" value="org.h2.Driver" />
		<property name="url" value="jdbc:h2:tcp://localhost:9092/ch12" />
		<property name="username" value="sa" />
		<property name="password" value="" />
		<property name="suppressClose" value="true" />
	</bean>

	<bean id="jobExplorer" class="org.springframework.batch.core.explore.support.JobExplorerFactoryBean">
		<property name="dataSource" ref="dataSource" />
	</bean>

</beans>
