<?xml version="1.0" encoding="UTF-8"?>
<beans xmlns="http://www.springframework.org/schema/beans"
	xmlns:xsi="http://www.w3.org/2001/XMLSchema-instance"
	xmlns:batch="http://www.springframework.org/schema/batch"
	xmlns:aop="http://www.springframework.org/schema/aop"
	xsi:schemaLocation="http://www.springframework.org/schema/beans http://www.springframework.org/schema/beans/spring-beans-3.0.xsd
		http://www.springframework.org/schema/aop http://www.springframework.org/schema/beans/spring-aop-3.0.xsd
		http://www.springframework.org/schema/batch http://www.springframework.org/schema/batch/spring-batch-2.1.xsd">

	<bean id="dataSource" class="org.springframework.jdbc.datasource.SingleConnectionDataSource">
		<property name="driverClassName" value="org.h2.Driver" />
		<property name="url" value="jdbc:h2:tcp://localhost:9092/ch12" />
		<property name="username" value="sa" />
		<property name="password" value="" />
		<property name="suppressClose" value="true" />
	</bean>

	<bean id="transactionManager"
		class="org.springframework.jdbc.datasource.DataSourceTransactionManager">
		<property name="dataSource" ref="dataSource" />
	</bean>
	
	<batch:job-repository id="jobRepository"
	  data-source="dataSource" 
	  transaction-manager="transactionManager" 
	  />

	<bean id="jobRegistry" class="org.springframework.batch.core.configuration.support.MapJobRegistry" />

	<bean id="jobLauncher"
		class="org.springframework.batch.core.launch.support.SimpleJobLauncher">
		<property name="jobRepository" ref="jobRepository" />
	</bean>

	<bean id="jobOperator" class="org.springframework.batch.core.launch.support.SimpleJobOperator">
		<property name="jobExplorer">
			<bean class="org.springframework.batch.core.explore.support.JobExplorerFactoryBean">
				<property name="dataSource" ref="dataSource" />
			</bean>
		</property>
		<property name="jobRepository" ref="jobRepository" />
		<property name="jobRegistry" ref="jobRegistry" />
		<property name="jobLauncher">
			<bean parent="jobLauncher">
				<property name="taskExecutor">
					<bean class="org.springframework.core.task.SimpleAsyncTaskExecutor" />
				</property>
			</bean>
		</property>
	</bean>

</beans>
