<?xml version="1.0" encoding="UTF-8"?>
<beans xmlns="http://www.springframework.org/schema/beans"
	xmlns:xsi="http://www.w3.org/2001/XMLSchema-instance"
	xmlns:batch="http://www.springframework.org/schema/batch"
	xsi:schemaLocation="http://www.springframework.org/schema/beans http://www.springframework.org/schema/beans/spring-beans-3.0.xsd
		http://www.springframework.org/schema/batch http://www.springframework.org/schema/batch/spring-batch-2.1.xsd">

	<import resource="tasklet-definition.xml" />

	<job id="importProductsJob" xmlns="http://www.springframework.org/schema/batch">
		<step id="downloadStep">
			<tasklet ref="downloadTasklet">
				<listeners>
					<listener ref="fileExistsStepListener" />
				</listeners>
			</tasklet>
			<end on="NO FILE" />
			<next on="FILE EXISTS" to="decompressStep"/>
			<fail on="*" />
		</step>
		<step id="decompressStep" next="verifyStep">
			<tasklet ref="decompressTasklet" />
		</step>
		<step id="verifyStep" next="readWriteStep">
			<tasklet ref="verifyTasklet" />
		</step>
		<step id="readWriteStep">
			<tasklet ref="readWriteProductsTasklet">
				<listeners>
					<listener ref="skippedItemsStepListener" />
				</listeners>
			</tasklet>
			<next on="COMPLETED WITH SKIPS" to="generateReportStep" />
			<next on="*" to="indexStep" />
		</step>
		<step id="generateReportStep" next="indexStep">
			<tasklet ref="generateReportTasklet" />
		</step>
		<step id="indexStep" next="trackImportStep">
			<tasklet ref="indexTasklet" />
		</step>
		<step id="trackImportStep" next="cleanStep">
			<tasklet ref="trackImportTasklet" />
		</step>
		<step id="cleanStep">
			<tasklet ref="cleanTasklet" />
		</step>
	</job>
	
	<bean id="fileExistsStepListener" class="com.manning.sbia.ch10.listener.FileExistsStepListener"
		scope="step">
		<property name="batchService" ref="batchService" />
		<property name="targetFile" value="#{jobParameters['archiveFile']}" />
	</bean>
	
	<bean id="skippedItemsStepListener" class="com.manning.sbia.ch10.listener.SkippedItemsStepListener" />
	
	<bean id="dataSource" class="org.springframework.jdbc.datasource.SingleConnectionDataSource">
		<property name="driverClassName" value="org.h2.Driver" />
		<property name="url" value="jdbc:h2:mem:sbia_ch10_listeners;DB_CLOSE_DELAY=-1" />
		<property name="username" value="sa" />
		<property name="password" value="" />
		<property name="suppressClose" value="true" />
	</bean>

</beans>
