<?xml version="1.0" encoding="UTF-8"?>
<beans xmlns="http://www.springframework.org/schema/beans"
	xmlns:xsi="http://www.w3.org/2001/XMLSchema-instance"
	xmlns:batch="http://www.springframework.org/schema/batch"
	xsi:schemaLocation="http://www.springframework.org/schema/beans http://www.springframework.org/schema/beans/spring-beans-3.0.xsd
		http://www.springframework.org/schema/batch http://www.springframework.org/schema/batch/spring-batch-2.1.xsd">

	<job id="sbiaJob" xmlns="http://www.springframework.org/schema/batch">
		<step id="step1">
			<tasklet ref="tasklet" />
		</step>
	</job>
	
	<bean id="tasklet" class="org.springframework.batch.core.step.tasklet.MethodInvokingTaskletAdapter">
		<property name="targetObject" ref="jobRegistry" />
		<property name="targetMethod" value="getJobNames" />
	</bean>

</beans>
