<?xml version="1.0" encoding="UTF-8"?>
<beans xmlns="http://www.springframework.org/schema/beans"
	xmlns:xsi="http://www.w3.org/2001/XMLSchema-instance"
	xmlns:batch="http://www.springframework.org/schema/batch"
	xsi:schemaLocation="http://www.springframework.org/schema/beans http://www.springframework.org/schema/beans/spring-beans-3.0.xsd
		http://www.springframework.org/schema/batch http://www.springframework.org/schema/batch/spring-batch-2.1.xsd">

	<job id="importProductsJob" xmlns="http://www.springframework.org/schema/batch">
		<step id="importProductsStep">		
			<tasklet ref="tasklet">
				<listeners>
					<listener ref="listener" />
				</listeners>			
			</tasklet>
			<end on="COMPLETED" exit-code="COMPLETED"/>
			<end on="FAILED" exit-code="FAILED"/>
			<end on="COMPLETED WITH SKIPS" exit-code="COMPLETED WITH SKIPS"/>
			<end on="*" exit-code="UNKNOWN"/>
		</step>
	</job>
	
	<bean id="listener" class="com.manning.sbia.ch04.ModifyExitStatusListener" />
	
	<bean class="com.manning.sbia.ch04.SkippedAwareExitCodeMapper" />

	<bean id="tasklet" class="com.manning.sbia.ch04.HelloTasklet" />

	<bean id="jobLauncher" class="org.springframework.batch.core.launch.support.SimpleJobLauncher">
		<property name="jobRepository" ref="jobRepository" />
	</bean>
	
	<bean id="jobRepository" class="org.springframework.batch.core.repository.support.MapJobRepositoryFactoryBean">
		<property name="transactionManager" ref="transactionManager" />
	</bean>
	
	<bean id="transactionManager" class="org.springframework.batch.support.transaction.ResourcelessTransactionManager" />

</beans>
