<?xml version="1.0" encoding="UTF-8"?>
<beans xmlns="http://www.springframework.org/schema/beans"
	xmlns:xsi="http://www.w3.org/2001/XMLSchema-instance"
	xmlns:tx="http://www.springframework.org/schema/tx"
	xmlns:jdbc="http://www.springframework.org/schema/jdbc"
	xsi:schemaLocation="http://www.springframework.org/schema/jdbc http://www.springframework.org/schema/jdbc/spring-jdbc-3.0.xsd
		http://www.springframework.org/schema/beans http://www.springframework.org/schema/beans/spring-beans-3.0.xsd
		http://www.springframework.org/schema/tx http://www.springframework.org/schema/tx/spring-tx-3.0.xsd">

	<bean id="transactionManager"
		class="org.springframework.jdbc.datasource.DataSourceTransactionManager">
		<constructor-arg ref="dataSource" />
	</bean>
	
	<tx:annotation-driven />
	
	<bean id="dataSource" class="org.apache.commons.dbcp.BasicDataSource">
		<property name="driverClassName" value="org.h2.Driver" />
		<property name="url" value="jdbc:h2:mem:sbia-ch11;DB_CLOSE_ON_EXIT=FALSE" />
		<property name="username" value="sa" />
		<property name="password" value="" />
	</bean>
	
	<jdbc:initialize-database data-source="dataSource">
		<jdbc:script location="classpath:/org/springframework/batch/core/schema-h2.sql"/>
		<jdbc:script location="classpath:/create-tables.sql" />
		<jdbc:script location="classpath:/create-tables-integration.sql" />
	</jdbc:initialize-database>

</beans>
